,First name,Last name,Email,Duration,Time joined,Time exited
0,Nathan,Burke,brittany44@brown-walton.com,0 days,02:25:50,21:26:44
1,Emma,Gonzalez,hotina@mueller-ford.com,0 days,00:38:31,17:25:35
2,Kurt,Henderson,chapmanjohn@smith.com,0 days,05:59:49,05:01:29
3,Tracey,Dunn,bzhang@wise.com,0 days,08:24:01,15:16:16
4,Kimberly,Barnes,unelson@hull.com,0 days,15:48:41,03:14:39
5,Troy,Mack,pereztracy@bentley.info,0 days,22:54:00,03:36:12
6,Robert,Sandoval,peter93@reed-clark.com,0 days,15:07:33,21:39:57
7,Russell,Tapia,jenniferwright@petersen.com,0 days,01:07:44,15:40:28
8,Sean,Woods,rsuarez@davis-johnson.info,0 days,20:19:57,17:13:47
9,Michael,Miller,newmannathan@ramirez.com,0 days,16:23:12,07:39:46
10,Vanessa,Smith,patrick35@murray.com,0 days,19:20:38,13:11:19
11,Kayla,Meyers,martinsheri@lynch.com,0 days,12:00:58,04:57:15
12,Thomas,Walker,adriandurham@garcia.net,0 days,14:00:30,12:49:31
13,Theresa,Keller,fritzkenneth@wilson.com,0 days,15:06:18,19:14:54
14,Dustin,Elliott,susan58@martinez.biz,0 days,13:06:23,03:25:29
15,Morgan,Andersen,susangray@garza.net,0 days,09:02:18,05:59:57
16,Joshua,York,bcampbell@clay.com,0 days,02:24:52,00:50:27
17,Linda,Morrison,jreyes@perry.org,0 days,08:04:10,19:01:18
18,Gabriel,Calhoun,sarah79@rios-davis.com,0 days,21:07:13,06:23:16
19,Tracy,Rodriguez,amanda04@mason-gutierrez.org,0 days,02:51:44,03:47:30
20,Rachel,Kelley,elizabeth50@evans-martinez.org,0 days,04:02:59,19:43:21
21,Trevor,Day,thomas00@fox.com,0 days,17:02:35,02:14:10
22,Jack,Collins,colealison@park.com,0 days,21:55:05,05:38:31
23,Elizabeth,Francis,mstrickland@tucker.com,0 days,07:16:39,01:52:38
24,Mary,Shaw,rgonzalez@richards.com,0 days,19:54:23,10:33:04
25,Kathryn,Stone,skinneroscar@bartlett.com,0 days,05:45:37,07:31:38
26,Stacey,Cantrell,fholmes@robinson.net,0 days,09:13:46,09:19:24
27,Cesar,Cochran,walkerchristopher@robinson.com,0 days,15:44:46,08:57:13
28,Connie,Melendez,htorres@reyes.org,0 days,22:42:20,22:45:08
29,William,Powell,hayescarlos@cole.org,0 days,16:18:42,17:17:40
30,Lawrence,Newman,mhenry@carr.com,0 days,10:30:29,12:06:12
31,Crystal,Morgan,connerbryan@nunez.com,0 days,14:28:51,21:10:14
32,Ronald,Mejia,torr@sullivan.com,0 days,13:54:31,13:04:45
33,Amanda,Berg,chelseashaw@ross.info,0 days,16:18:31,23:58:56
34,Ashley,Lopez,kellyrose@andrade-cook.info,0 days,05:57:54,09:12:37
35,Maria,White,ralph03@white.com,0 days,04:55:42,00:32:29
36,John,Palmer,wruiz@lamb.com,0 days,16:17:03,08:09:53
37,Jared,Berry,gdennis@sloan.net,0 days,06:01:39,15:25:07
38,Jill,Garcia,riggschristian@montoya.com,0 days,07:58:46,14:56:24
39,Vincent,Horn,castrocaitlin@tucker-baker.com,0 days,19:23:34,08:27:54
40,Sherry,Adams,stoneeric@hurley.com,0 days,22:39:30,15:34:41
41,Briana,Rivera,kelli87@morse.net,0 days,07:11:04,13:32:27
42,Audrey,Kidd,christinehayes@campbell-sawyer.net,0 days,12:48:47,13:01:57
43,Ryan,Freeman,melissacraig@morrow.com,0 days,20:56:38,10:02:50
44,Amy,Rios,bennettsamuel@martin-oliver.biz,0 days,16:03:47,02:46:49
45,Jaime,Stein,christopher55@shea.com,0 days,12:57:57,04:57:08
46,Hannah,Oconnor,eric14@merritt-gutierrez.net,0 days,08:18:52,06:31:39
47,Stephanie,Nelson,emarshall@diaz-snyder.com,0 days,11:35:17,08:40:33
48,Zachary,Mercer,jcole@odom-green.org,0 days,23:08:26,16:08:41
49,Damon,Marshall,powelljonathan@raymond.biz,0 days,14:04:58,04:14:40
50,Isaac,Mueller,ethompson@rose.com,0 days,16:04:57,18:11:28
51,Jennifer,Kent,trevor06@craig.info,0 days,02:13:13,08:55:06
52,Seth,James,jorge03@smith.org,0 days,13:55:29,11:40:37
53,Samantha,Everett,swolfe@white.com,0 days,02:29:12,10:26:08
54,Anthony,Molina,anna56@stanley.org,0 days,12:43:14,13:08:00
55,Jonathon,Dougherty,gloriawebb@fletcher-sweeney.info,0 days,20:21:15,06:48:49
56,Jacqueline,Gallagher,valenciaedwin@berry-rowland.info,0 days,10:00:42,09:52:28
57,David,Stuart,jason41@armstrong-turner.com,0 days,10:08:08,09:51:20
58,Brandon,Juarez,gonzalezjohn@gray.com,0 days,15:50:13,13:19:43
59,Angela,Mckay,hansenmitchell@dudley.com,0 days,12:04:48,17:15:49
60,Lauren,Boyle,barberemily@hunt.biz,0 days,07:49:18,06:06:46
61,Joseph,Wilson,torresmichael@schwartz-williams.com,0 days,08:06:02,08:14:44
62,Jeremy,Young,sherri55@edwards.com,0 days,21:27:40,11:26:34
63,Tricia,Bartlett,kylepreston@allen.com,0 days,06:25:34,03:21:25
64,Matthew,Nguyen,reneeclark@mcgee-larson.info,0 days,03:24:46,10:52:23
65,Nicholas,Buckley,cwilliams@myers.com,0 days,08:01:16,18:26:39
66,Phillip,Clark,whiterichard@jones.com,0 days,19:10:13,04:20:07
67,Alyssa,Jones,tylermiller@pacheco.com,0 days,13:17:40,14:31:18
68,Susan,Davidson,alicia49@morgan-avila.com,0 days,02:53:47,23:41:37
69,Cindy,Stevenson,erica61@christensen-bates.info,0 days,16:58:45,19:35:36
70,Holly,Valenzuela,dshannon@romero.com,0 days,23:21:30,08:57:06
71,Betty,Stevens,amy19@jones.com,0 days,08:34:27,12:53:03
72,Bobby,Scott,michelleglenn@farrell.com,0 days,19:58:40,11:02:26
73,Bethany,Houston,craig96@soto-gill.com,0 days,08:58:04,16:32:26
74,Steven,Atkins,anthonystanley@tran.com,0 days,23:09:59,16:25:34
75,James,Roberts,xschultz@fuentes.com,0 days,08:20:48,00:52:25
76,Heather,Johnston,obriensara@wright.org,0 days,22:17:12,12:51:04
77,Norman,Ballard,ghansen@mitchell.info,0 days,19:45:24,16:59:59
78,Lisa,Brewer,woodsmario@browning.org,0 days,15:27:11,16:40:11
79,Dale,Wright,melissa20@mosley-petersen.com,0 days,22:08:25,03:42:31
80,Dominic,Pena,derek28@hernandez-cervantes.com,0 days,11:04:33,02:47:05
81,Katrina,Christian,deannasalazar@mahoney-brandt.org,0 days,15:28:21,22:50:31
82,Tina,May,victoriagarza@pratt-bates.net,0 days,10:09:42,15:40:58
83,Jillian,Boyer,victoria19@anderson.com,0 days,19:32:15,19:22:49
84,Johnny,Lee,bbradley@richards-rodriguez.biz,0 days,12:17:23,10:04:29
85,Benjamin,Mason,joyjoseph@scott.com,0 days,21:55:46,02:45:20
86,Abigail,Hendrix,jenna69@rose.com,0 days,03:46:31,07:42:41
87,Claudia,Hebert,boonecourtney@conway.info,0 days,11:49:57,15:42:09
88,Shawn,Mitchell,amandalewis@griffin-brown.net,0 days,23:57:22,08:29:04
89,Monica,Anthony,tyleralvarez@hale.info,0 days,16:56:40,10:25:12
90,Patrick,Keith,tfisher@rivera.net,0 days,04:09:04,10:55:30
91,Stephen,Green,igreer@smith.net,0 days,18:13:28,00:49:29
92,Dylan,Williams,brandonmitchell@woods-jones.com,0 days,09:08:08,07:31:38
93,Alexander,Mayer,diana92@hardy-parker.org,0 days,23:23:44,18:31:11
94,Charles,Terrell,linlinda@smith.com,0 days,03:03:30,16:38:06
95,Adam,Taylor,mhogan@blake.com,0 days,17:59:02,18:25:05
96,Darrell,Berger,mrichmond@hood.com,0 days,03:34:36,18:38:57
97,Jessica,Ruiz,graykristine@tyler.org,0 days,19:30:06,03:38:54
98,Justin,Reed,gbradley@anderson.com,0 days,20:06:21,13:27:00
99,Ellen,Stewart,bruce03@ortiz.com,0 days,02:57:26,02:44:35
100,Rose,Dixon,mjones@ford-allen.com,0 days,10:56:24,00:55:25
101,Kim,Barker,eadkins@williams.info,0 days,12:14:38,13:57:06
102,Mason,Hanna,eallen@solomon-gonzalez.net,0 days,16:59:05,13:50:53
103,Max,Sullivan,ruizjason@ortega-sanchez.net,0 days,16:09:16,19:28:57
104,Rita,Perkins,osmith@richards.com,0 days,00:00:27,15:07:43
105,Leah,Porter,wendyharris@soto.com,0 days,08:32:56,15:55:51
106,Casey,Solis,harrisbrandy@bell-campbell.net,0 days,20:23:31,18:33:30
107,Samuel,English,smack@meza-mullins.com,0 days,03:03:28,19:29:02
108,Travis,Gibson,youngcory@mclaughlin.net,0 days,12:41:35,06:28:10
109,Scott,Robinson,bpowell@marquez.net,0 days,19:04:20,05:37:37
110,Brian,Randall,cboyd@meyer.biz,0 days,22:25:22,00:32:06
111,Tara,Murray,scotthenry@steele-espinoza.com,0 days,00:19:04,09:17:55
112,Jordan,Hart,paulalicia@schwartz-adams.com,0 days,20:42:01,06:05:14
113,Derek,Moore,mollymcgee@patterson.org,0 days,20:42:47,05:06:57
114,Nicole,Warner,morenogeorge@daniels.com,0 days,04:22:07,06:21:26
115,Breanna,Sims,jdavis@jackson.org,0 days,10:46:04,05:13:55
116,Emily,Murphy,thompsonallison@graves.com,0 days,05:51:14,04:45:38
117,Craig,Hall,markbrown@hall.org,0 days,07:36:42,11:07:18
118,Kyle,Ramos,troberts@brooks.com,0 days,07:15:35,22:07:22
119,Laura,Johnson,amorgan@johnston-ramos.info,0 days,13:08:07,09:34:02
120,Gerald,Jenkins,kreed@velazquez.com,0 days,00:26:04,23:38:46
121,Gary,Wells,isaiah54@hernandez.com,0 days,22:45:16,00:06:45
122,Ricardo,Long,kjones@hicks-jones.info,0 days,17:09:31,10:04:06
123,Maureen,Gould,gibsonwilliam@chavez-smith.com,0 days,19:34:22,00:58:16
124,Mallory,Steele,thomas28@wolf.biz,0 days,01:44:07,16:11:14
125,Daniel,Tate,amanda10@collier.net,0 days,20:45:23,04:24:35
126,Wendy,Cox,walterbrandi@douglas.com,0 days,08:27:01,22:51:37
127,Jacob,Ramirez,kennethsmith@estrada.org,0 days,10:19:09,18:08:50
128,Christina,Allen,morrisjennifer@nicholson.org,0 days,00:21:02,00:33:12
129,Margaret,Hensley,normagonzalez@hunt-perez.biz,0 days,19:44:51,16:40:04
130,Shelly,Waters,thamilton@ruiz.com,0 days,12:01:42,05:32:21
131,Alex,Hayes,obrienjose@alexander-allen.net,0 days,09:14:41,15:14:36
132,Carla,Cook,jameshayes@jordan-leon.com,0 days,00:38:36,23:34:18
133,Darlene,Rose,chenrebecca@ford.com,0 days,05:07:34,13:57:38
134,Edward,Anderson,lmerritt@wu.com,0 days,01:06:01,07:43:43
135,Michelle,Ochoa,kellyjenna@rivera-foster.org,0 days,01:05:58,09:09:12
136,Melissa,Torres,ashley11@holt.com,0 days,23:15:03,10:40:48
137,Anna,Mann,rwerner@burns.com,0 days,20:56:40,09:03:57
138,Gabrielle,Figueroa,ana95@sullivan-lewis.info,0 days,23:23:31,19:55:59
139,Karen,Lara,paulbennett@fox.info,0 days,03:14:38,03:08:32
140,Christine,Campbell,delacruzpaul@walker-waller.biz,0 days,02:26:09,20:06:03
141,Kathleen,Brown,williamfuller@tucker.com,0 days,17:18:21,12:02:46
142,Cheyenne,Schroeder,johnthompson@diaz-porter.com,0 days,16:37:47,23:48:22
143,Gregory,Moses,jonesanna@hubbard.com,0 days,14:53:34,14:22:45
144,Rhonda,Davis,lisa50@wong.com,0 days,17:23:02,17:37:16
145,Christopher,Foster,claudiasmith@rodriguez-hatfield.org,0 days,11:35:41,16:35:25
146,Michele,Lyons,rbailey@wright.biz,0 days,11:55:23,13:21:28
147,Tonya,Oliver,cynthia60@dixon.info,0 days,08:34:58,02:34:24
148,Cory,Serrano,wfleming@patterson-taylor.com,0 days,16:30:50,04:18:21
149,Peter,Bishop,palexander@lawrence.com,0 days,14:48:47,20:42:11
150,Rebecca,Saunders,gail81@mendez.org,0 days,23:26:24,04:30:59
151,Jody,Hicks,eduardo84@david.org,0 days,17:42:19,23:38:27
152,Douglas,Carr,xjenkins@marshall-walters.info,0 days,09:34:37,17:59:13
153,Bill,Thomas,jonesshannon@garrett-alvarez.com,0 days,16:02:46,07:10:47
154,Doris,Mcclain,smithmonica@wood.net,0 days,12:09:31,21:14:23
155,Kelsey,Williamson,zlewis@chan.com,0 days,12:29:29,09:32:35
156,Jesse,Cohen,sriley@snyder.com,0 days,20:08:20,10:55:26
157,Victoria,Lewis,christophercox@fitzgerald.com,0 days,05:19:46,13:19:01
158,Cynthia,Hardy,chad22@williams.com,0 days,08:02:35,07:56:21
159,Darryl,Castillo,tracyroth@lozano.com,0 days,09:56:32,11:07:28
160,Lindsay,Jennings,jedwards@williams.com,0 days,16:25:22,21:44:38
161,Alec,Rice,ydavis@sims-nash.com,0 days,23:08:43,14:28:43
162,Henry,Delgado,martin10@west.com,0 days,23:41:19,22:42:46
163,Richard,Klein,bobby42@james.com,0 days,09:13:19,08:07:33
164,Chelsea,Ross,gomezdebra@torres.com,0 days,22:46:49,13:02:31
165,Eric,Quinn,lewisnicole@lawrence-franco.net,0 days,10:18:58,20:23:28
166,Pedro,Franklin,stephensjoel@mcconnell.org,0 days,12:05:38,05:05:40
167,Christie,Lamb,justin23@ballard-hernandez.org,0 days,16:26:59,06:17:09
168,Yolanda,Graves,james63@may.info,0 days,19:33:48,18:53:17
169,Brittney,Kennedy,lopezamanda@brown.org,0 days,05:22:24,15:39:00
170,Sara,Hernandez,ashley85@singh.org,0 days,07:11:49,11:23:15
171,Mia,Petersen,chloecortez@parks-mitchell.org,0 days,19:29:21,13:10:53
172,Jamie,Thompson,amy21@warren-massey.com,0 days,04:03:55,01:41:57
173,Bradley,Riggs,gbuck@nolan-bridges.biz,0 days,07:30:50,17:29:23
174,Yvonne,Mcdonald,carl19@hunt.info,0 days,20:07:10,19:07:45
175,Shane,Harrison,susan58@steele-henderson.com,0 days,18:44:31,23:04:38
176,Timothy,Haley,nsavage@mosley-rollins.info,0 days,22:53:36,09:40:43
177,Catherine,Parker,mjones@wilkins.com,0 days,22:08:00,17:52:56
178,Megan,Herman,jeffrey88@jackson.com,0 days,23:30:21,07:53:46
179,Bonnie,Barnett,zhayden@white.org,0 days,04:35:00,02:54:55
180,Patricia,Cain,smithconnie@rodriguez-palmer.com,0 days,05:44:21,20:08:31
181,Marcus,Wheeler,christinachambers@young-russell.biz,0 days,00:20:29,21:48:57
182,April,Sweeney,heatherthomas@foster.biz,0 days,12:25:46,00:35:26
183,Taylor,Sanchez,kirksteven@sanchez-smith.biz,0 days,23:14:44,23:05:41
184,Shannon,Norris,john81@larsen.com,0 days,06:44:16,11:50:40
185,Jeffery,Hill,hoganmorgan@mendez.info,0 days,11:57:02,02:45:35
186,Meagan,Cervantes,ruizrichard@parker.org,0 days,16:30:19,03:06:42
187,Candice,Martin,nicholas73@lewis.com,0 days,10:43:38,16:46:06
188,Mark,Monroe,feliciacarter@warren.com,0 days,08:04:10,17:14:58
189,Jenny,Kelly,hchen@montgomery.com,0 days,05:07:57,08:56:23
190,Lindsey,Harding,jennifer35@love.com,0 days,10:13:34,00:34:34
191,Becky,Montoya,achavez@petersen-vaughn.org,0 days,02:22:54,12:19:00
192,Hunter,Villa,jennifer26@diaz.biz,0 days,11:05:42,13:55:51
193,Aaron,Caldwell,randy91@moore-shelton.com,0 days,17:10:01,11:21:58
194,Todd,Pratt,anna10@joyce-davies.org,0 days,18:00:04,20:28:55
195,Nichole,Cross,kempchristopher@thompson.net,0 days,02:53:50,20:59:16
196,Suzanne,Paul,tina06@watkins-lynch.com,0 days,17:53:40,06:31:24
197,Debra,Byrd,ydavis@atkins.com,0 days,06:01:59,20:50:01
198,Jay,Rodgers,garciarebecca@mcfarland.com,0 days,05:36:48,19:03:54
199,Kelli,Rhodes,toddguzman@dickerson-martinez.org,0 days,05:41:24,01:33:44
200,Kara,Wallace,jordanedward@garcia-gray.com,0 days,15:17:02,11:46:47
201,Annette,Osborne,ryan36@carroll.com,0 days,11:02:39,11:30:26
202,Kevin,Velasquez,escobarkenneth@cox.com,0 days,18:33:43,16:08:18
203,Calvin,Wood,robertsmith@reynolds.com,0 days,17:27:26,02:17:27
204,Manuel,Tucker,ohenson@powers-walker.com,0 days,20:31:59,22:05:04
205,Roberto,Travis,robinhoward@russell.net,0 days,04:12:31,07:21:33
206,Mariah,Snyder,paulrobertson@adams.com,0 days,22:37:33,02:17:54
207,Glenn,Arnold,bauersamuel@sherman.com,0 days,04:15:48,01:05:30
208,Erika,Owen,josephfigueroa@bond.net,0 days,10:12:13,01:24:17
209,Carrie,Deleon,garcialisa@anderson.com,0 days,04:24:12,01:50:51
210,Katie,Bell,jason22@payne-dominguez.info,0 days,18:03:05,16:07:53
211,Alexandra,Fowler,scohen@baird.com,0 days,00:06:51,01:27:17
212,Jane,Barton,sarahwang@walker-gonzalez.org,0 days,16:09:57,09:20:13
213,Tamara,Barajas,rachel05@johnson-berg.info,0 days,10:28:49,15:13:55
214,Kathy,Lawrence,icarter@carroll.info,0 days,12:10:05,17:58:47
215,Austin,Esparza,yolandahayes@wilson.com,0 days,03:39:45,15:47:24
216,Janice,Santiago,cassandrareed@hall.com,0 days,14:04:30,18:52:35
217,Jeffrey,Gilmore,morrisonchristine@hawkins.net,0 days,19:12:08,06:30:45
218,Bryan,Weaver,dvalenzuela@ward.biz,0 days,14:24:04,23:59:54
219,Rodney,Flynn,npowers@frye.com,0 days,06:53:31,08:12:03
220,Sandra,Jimenez,andersonlaura@jones.com,0 days,17:28:52,22:18:53
221,Martin,Owens,monica11@kramer-coleman.com,0 days,00:13:15,02:29:07
222,Julian,Harmon,mitchellgreen@mejia-merritt.com,0 days,13:36:01,21:41:40
223,Philip,Sutton,lucasrodriguez@burns.info,0 days,19:26:00,14:02:44
224,Diane,Reyes,watkinsmegan@wang.com,0 days,14:11:32,22:52:40
225,Dan,Blair,hughesangela@sutton-hernandez.com,0 days,22:01:06,14:22:22
226,Penny,Padilla,gallegosbenjamin@nelson.com,0 days,09:15:26,20:46:27
227,Alisha,Webb,hsanders@roberts-carter.info,0 days,17:50:25,00:30:01
228,Diana,Mosley,nweiss@maynard.org,0 days,21:45:07,20:40:15
229,Kristy,Fernandez,hahnamanda@pace-robinson.org,0 days,10:46:30,18:05:59
230,Kristina,Duran,laurenthompson@green-griffith.info,0 days,21:20:48,11:35:00
231,Julie,Harris,romerojohn@simpson-peters.com,0 days,05:18:44,09:04:32
232,Denise,Contreras,ryan73@burns-jimenez.com,0 days,20:44:36,23:07:13
233,Nancy,Guzman,jennifermccoy@kaiser.biz,0 days,02:25:34,04:36:45
234,Christian,Schultz,fowlertracy@davis.com,0 days,20:17:47,17:16:30
235,Alexandria,Mendez,huntjustin@underwood.biz,0 days,07:36:35,10:14:29
236,Ross,Weber,jacobsjulie@dominguez.com,0 days,04:32:12,08:58:08
237,Brett,Hunt,kodom@bender.com,0 days,21:08:59,20:52:28
238,Sonya,Gibbs,munozjamie@king-romero.com,0 days,03:00:44,10:33:41
239,Alexis,Carrillo,ogibson@murray-lee.com,0 days,08:12:38,03:10:32
240,Kelly,Friedman,dscott@smith-park.biz,0 days,03:55:31,22:14:52
241,Jonathan,Giles,eddiereid@rivers-romero.com,0 days,22:07:26,02:02:43
242,Maurice,Hale,hartmanbrent@miller-lawrence.biz,0 days,02:20:01,17:00:39
243,Robin,Flowers,kingjessica@lara.com,0 days,00:55:55,14:51:35
244,Keith,Armstrong,andrew28@davis.net,0 days,05:46:12,01:14:58
245,Erin,Zimmerman,washingtonjulia@george-wong.com,0 days,07:24:04,23:52:24
246,Lee,Foley,awaters@rivera.info,0 days,03:24:57,09:06:17
247,Pamela,Jackson,ehampton@gordon-jones.com,0 days,06:07:24,01:36:11
248,Erica,Leon,cruzalexandra@todd.com,0 days,15:30:51,15:03:16
249,Paula,Acosta,cody00@swanson.com,0 days,22:15:42,17:30:45
250,Mitchell,Wade,jray@hughes.com,0 days,07:50:29,20:17:18
251,Alice,Mercado,wboyer@ramos-garcia.com,0 days,19:37:26,12:33:45
252,Ana,Ray,elizabethmiller@bass.org,0 days,14:16:39,21:49:15
253,Gene,Flores,emilychan@mitchell.com,0 days,09:02:16,18:19:24
254,Tiffany,Garrett,dcarpenter@donovan-martinez.info,0 days,09:47:49,00:13:13
255,Alicia,Howard,thomas26@stewart.info,0 days,21:53:10,18:34:40
256,Jose,Turner,paulahooper@smith-price.org,0 days,23:42:02,01:26:14
257,Andrew,Phillips,iwheeler@cain.net,0 days,07:56:31,14:26:29
258,Sharon,Henry,williamsdiana@guerra.com,0 days,01:29:56,00:29:07
259,Curtis,Patel,jonathanjohnson@henderson-jones.com,0 days,15:48:28,23:39:36
260,Mario,Mcconnell,cindy18@anderson.com,0 days,06:00:02,12:37:30
261,Leslie,Daniels,ebennett@savage.info,0 days,00:25:49,20:33:50
262,Joann,Benson,hufferic@rodriguez.info,0 days,13:51:50,06:38:48
263,Krystal,Reid,michaelhall@beck.com,0 days,23:58:35,15:44:14
264,Luke,Sparks,scarter@hansen.biz,0 days,10:32:20,21:36:13
265,Joel,Hoffman,coreyboyd@gutierrez-ali.info,0 days,14:35:07,03:02:34
266,Cody,Hubbard,brewercourtney@lawrence.com,0 days,15:24:13,06:34:29
267,Antonio,Hutchinson,taylor42@dean.net,0 days,14:17:00,12:54:03
268,Jorge,Huerta,christineburton@young.com,0 days,16:06:41,12:11:49
269,Christy,Ortiz,robert47@ballard-warren.com,0 days,23:38:50,20:13:13
270,Brandi,West,zowens@phillips.com,0 days,18:45:50,09:30:21
271,Haley,Welch,harrisonjames@obrien-duran.com,0 days,16:59:10,04:26:31
272,Brenda,Sanders,michael20@lopez.com,0 days,23:38:52,16:25:49
273,Theodore,Massey,elizabethharris@merritt.biz,0 days,14:51:42,20:05:18
274,Donna,Parrish,lthompson@floyd.org,0 days,15:05:28,07:43:52
275,Madison,Willis,hernandezemily@ritter-le.info,0 days,22:51:00,02:19:52
276,Cassandra,Cole,ewhite@sweeney.org,0 days,22:36:01,10:46:35
277,Sarah,Koch,edwardskyle@hudson.com,0 days,09:28:27,17:07:55
278,Melvin,Washington,vegamartin@bond.com,0 days,00:54:02,10:35:49
279,Natalie,Vincent,baldwinamy@patterson.com,0 days,12:03:48,23:46:07
280,Tyler,Edwards,kyle96@scott.com,0 days,21:19:36,15:39:26
281,Valerie,Maynard,cjordan@hall.biz,0 days,14:26:15,13:45:34
282,Barbara,Matthews,colliershannon@pace-davis.biz,0 days,05:56:52,02:50:03
283,Marie,Spencer,vbrown@gregory.com,0 days,03:26:20,15:32:20
284,Cheryl,Harper,yolanda27@benjamin.org,0 days,00:51:33,08:20:07
285,Roy,Trujillo,heathertodd@osborne.net,0 days,02:16:47,17:33:22
286,Beverly,Perez,frankweiss@rodriguez-collins.org,0 days,05:11:37,00:32:13
287,Eugene,Love,cathy87@herrera-black.com,0 days,07:23:30,14:46:19
288,Lori,Brooks,qali@bailey.com,0 days,12:56:19,07:35:01
289,Gloria,Key,kimnathan@gonzalez.com,0 days,10:24:14,12:15:14
290,Jasmine,Pitts,jeffreysanchez@jones.net,0 days,09:39:11,22:31:25
291,Sally,Frey,fking@ryan-spence.info,0 days,08:48:27,20:27:56
292,Melanie,Ashley,cory00@melton.com,0 days,22:03:31,13:07:16
293,Herbert,Stanley,teresa03@ellis-molina.com,0 days,16:05:02,17:10:18
294,Tammy,Black,lauralittle@valentine.com,0 days,17:34:05,03:39:52
295,Chelsey,Larsen,kathrynperry@moody-wiley.com,0 days,07:35:05,11:34:14
296,Dawn,Montgomery,tblake@jefferson.net,0 days,18:33:04,09:58:28
297,Caroline,Graham,victoria93@gardner-anderson.com,0 days,14:48:49,15:01:17
298,Renee,Durham,fwilliams@bell.com,0 days,04:18:33,23:18:38
299,Carol,Aguilar,adamsjonathan@smith-arroyo.com,0 days,12:24:39,02:32:37
300,Marilyn,Rogers,michael49@bailey.com,0 days,09:35:45,14:50:03
301,Glenda,Jensen,adammorris@howe-flores.net,0 days,07:52:19,03:18:44
302,Lynn,Nichols,ryan09@bond.com,0 days,20:53:23,03:17:58
303,Heidi,Cooper,yjones@huff-taylor.com,0 days,11:09:07,21:14:39
304,Brianna,George,jenniferpadilla@bell-summers.com,0 days,16:43:51,18:39:39
305,Jason,Mcguire,joan99@green-brown.com,0 days,04:25:18,03:08:57
306,Amber,Schneider,bryan95@bates.net,0 days,01:22:19,21:37:42
307,Kaitlyn,Gaines,andreafowler@gibson.com,0 days,11:01:15,22:23:32
308,Chase,Daugherty,jeffrey93@richardson.com,0 days,19:22:47,15:47:09
309,Raymond,Peterson,greenjonathan@cross.com,0 days,00:07:02,08:08:22
310,Brittany,Fitzgerald,ulee@cabrera.com,0 days,03:02:27,14:44:06
311,Ruben,Alvarez,owensscott@lewis.com,0 days,16:55:07,23:09:01
312,Brandy,Curry,ramirezcameron@johnson.com,0 days,04:10:57,20:23:47
313,Janet,Preston,bjohnson@williams-sullivan.biz,0 days,05:54:20,16:11:35
314,Kendra,Carter,jasmine62@pope.com,0 days,12:00:57,01:20:56
315,Mindy,Huffman,james36@marshall.info,0 days,12:03:13,04:56:47
316,Kristen,Blevins,nathanwallace@murphy.com,0 days,19:47:56,13:00:02
317,Deborah,Pham,reyesanita@phillips.com,0 days,02:38:00,16:15:21
318,Traci,Jordan,amyramirez@zamora-rivera.com,0 days,20:56:46,12:39:56
319,Frank,Martinez,trujillomelissa@aguirre-soto.com,0 days,08:52:14,01:16:11
320,George,Santos,joe54@richardson.com,0 days,12:25:55,12:35:21
321,Danielle,Levine,ashley46@davis-johnson.com,0 days,10:01:51,09:13:26
322,Paul,Moss,michaelgolden@white.com,0 days,16:18:14,19:50:28
323,Desiree,Hess,fowlerchase@thompson-hill.com,0 days,17:10:26,08:15:55
324,Laurie,Meyer,thompsonjane@rivera.com,0 days,05:25:48,08:54:08
325,Alejandro,Soto,ricardo41@morrison.com,0 days,09:34:28,02:07:02
326,Dana,Fisher,hannah79@ford.org,0 days,14:10:50,01:57:21
327,Anita,Cardenas,denise65@thomas.com,0 days,05:43:10,01:21:24
328,Dean,Wong,marquezmisty@collins.org,0 days,08:41:06,04:10:36
329,Juan,Gray,robinsoneric@harmon-henderson.com,0 days,02:23:31,11:58:48
330,Roger,Bass,frenchmichael@gardner.org,0 days,07:09:36,13:13:10
331,Ariel,Obrien,calderonpatrick@wilson-house.com,0 days,15:30:33,15:49:58
332,Mike,Mcdowell,debbie42@ford.com,0 days,22:38:57,13:56:11
333,Joyce,Griffith,carly24@kane.biz,0 days,07:17:53,19:58:03
334,Alfred,Donovan,obrienkevin@roberts.com,0 days,20:44:59,16:19:00
335,Teresa,Gardner,perrybarbara@rice.com,0 days,21:53:38,08:23:27
336,Jean,Vang,bradleyrebecca@martinez.com,0 days,07:01:50,23:58:16
337,Isabella,Mcneil,susan07@kim.com,0 days,10:52:13,09:04:35
338,Melinda,Morris,marc93@hoffman-ramsey.com,0 days,07:02:40,23:28:28
339,Leon,Carson,dickersonkerri@moody.com,0 days,17:28:33,16:45:30
340,Misty,Bradford,harrisdonald@mcneil.com,0 days,20:33:49,08:30:15
341,Kristin,Miles,williamsana@cole.net,0 days,01:21:56,08:22:53
342,Courtney,Salinas,jamie68@morton.com,0 days,11:55:01,01:18:25
343,Vicki,Conway,ywilliams@suarez-collins.org,0 days,11:13:26,03:27:12
344,Ann,Ali,charlesrobinson@davila.com,0 days,16:18:03,15:27:20
345,Adrienne,Howell,edwardpeters@tanner-brown.net,0 days,08:45:16,20:19:07
346,Ian,Andrews,amber06@meyers-clayton.biz,0 days,11:57:25,19:51:05
347,Danny,Craig,irivers@williams.org,0 days,06:07:51,19:37:17
348,Katherine,Chase,waynestone@martin.com,0 days,03:18:08,20:58:37
349,Hayden,Khan,jrobles@smith.com,0 days,23:55:49,07:17:06
350,Ashlee,Wiggins,adamross@gordon.com,0 days,16:36:15,20:47:19
351,Gina,Lowe,wbrown@garcia-keith.com,0 days,07:58:46,02:23:39
352,Garrett,Costa,austinburns@erickson-dunlap.net,0 days,02:46:08,01:06:09
353,Andrea,Gill,nicole39@cox.com,0 days,11:31:13,23:46:13
354,Kari,Walters,daniellaura@molina.com,0 days,02:21:09,23:29:22
355,Preston,Wilkins,john52@mcmahon.com,0 days,23:05:44,04:49:52
356,Terri,Morton,dorothyhenson@anderson-jackson.biz,0 days,02:33:01,13:15:33
357,Sergio,Page,xkim@johnson-miller.com,0 days,00:48:46,18:06:52
358,Kenneth,Kim,tiffanygarcia@miller-burnett.com,0 days,14:19:14,05:43:19
359,Billy,Fletcher,maria99@herrera-liu.com,0 days,04:18:04,03:58:17
360,Isabel,Burns,robertsmegan@farrell.org,0 days,14:04:14,03:02:41
361,Franklin,Petty,courtney98@barron.com,0 days,09:56:55,08:44:09
362,Leonard,Vazquez,nbowman@webster-henderson.com,0 days,05:23:52,14:34:39
363,Colleen,Marks,eatoncrystal@miller-hodges.com,0 days,10:47:07,21:34:25
364,Eileen,Mccall,melissa50@salas.com,0 days,17:10:04,20:49:47
365,Caitlyn,Hanson,christopher79@bradford-hawkins.biz,0 days,18:23:43,06:49:05
366,Barry,Wilcox,gabrielrose@jones-ross.biz,0 days,16:07:45,09:35:57
367,Willie,Alexander,tina86@kelley.com,0 days,04:55:16,19:06:29
368,Corey,Gates,amber20@perez.info,0 days,15:01:36,22:07:51
369,Erik,Castaneda,natalie95@lynch.com,0 days,08:23:55,03:46:10
370,Martha,Hamilton,williamthompson@boyle-crawford.com,0 days,09:24:00,16:32:42
371,Jackson,Bush,janderson@holden.com,0 days,18:46:34,03:26:16
372,Felicia,Meadows,zandrews@keller.biz,0 days,04:24:19,14:46:06
373,Vickie,Neal,eharrison@anderson-graves.info,0 days,11:58:21,15:15:48
374,Veronica,Bradley,thompsonpamela@rodgers.com,0 days,17:25:58,10:12:34
375,Kirsten,Greene,qpatterson@ward.info,0 days,02:45:54,08:36:08
376,Alan,Lynn,lori82@murphy.com,0 days,12:43:44,19:57:16
377,Donald,Peters,fgoodwin@sutton-escobar.com,0 days,20:57:46,13:42:41
378,Carl,Mays,jsummers@patterson.info,0 days,09:25:33,14:25:39
379,Carolyn,Morrow,zho@jarvis-brown.org,0 days,18:29:24,15:05:37
380,Rickey,Woodard,karen41@williams-johnson.com,0 days,15:41:09,12:51:12
381,Bailey,Price,cheryl25@shelton.com,0 days,18:12:26,00:22:08
382,Summer,Schmidt,bridgetdavis@anderson.com,0 days,09:45:17,06:13:15
383,Perry,Mathis,mcculloughashley@barton-hickman.com,0 days,23:07:47,06:16:41
384,Savannah,Gonzales,tuckertony@carrillo.com,0 days,19:24:46,03:02:33
385,Tanya,Morales,hsmith@martinez.com,0 days,16:05:31,05:37:07
386,Derrick,Ward,cwilson@foster-james.com,0 days,15:27:43,01:30:17
387,Wanda,Bender,richardlopez@sanders-fisher.com,0 days,19:32:34,06:15:45
388,Eddie,Barry,jasmineclarke@henry.com,0 days,02:24:55,23:24:09
389,Joe,Wiley,ctaylor@mcpherson.com,0 days,04:05:05,10:21:25
390,Nathaniel,Roach,ataylor@gray.com,0 days,04:01:02,14:41:53
391,Dennis,Robbins,ashley59@kent.com,0 days,02:32:32,14:05:31
392,Reginald,Hines,erica95@reed-edwards.com,0 days,18:48:28,16:36:06
393,Darius,Moreno,atkinsdavid@montgomery-walter.com,0 days,08:08:33,20:17:10
394,Meghan,Powers,owoods@montes.com,0 days,10:29:03,04:36:03
395,Francisco,French,michaelcampbell@bishop.org,0 days,01:59:23,22:25:10
396,Carly,Dickerson,jasmineavila@clark.info,0 days,17:02:21,14:49:49
397,Greg,Baker,chad12@johnston-taylor.com,0 days,13:16:06,09:27:33
398,Julia,Harvey,mcdanieljames@butler.com,0 days,14:23:06,13:23:45
399,Mathew,Dorsey,lisaharrington@oneal-young.com,0 days,11:40:03,11:22:56
400,Kellie,Richardson,cherylcampbell@adams.org,0 days,20:07:34,21:45:41
401,Krista,Parks,nwalker@strickland.net,0 days,20:27:16,19:08:57
402,Caitlin,Schwartz,cranejanet@lopez.com,0 days,20:08:34,00:49:18
403,Phyllis,Rowe,angelicajohnson@jenkins.net,0 days,04:54:24,21:05:48
404,Makayla,Newton,moralesthomas@ford.biz,0 days,04:46:52,15:53:36
405,Kaylee,Hunter,elliottjesse@woods-brandt.com,0 days,01:46:07,07:52:46
406,Arthur,Larson,rhinton@shaw-hall.com,0 days,09:28:42,00:27:30
407,Blake,Decker,smithvincent@sanchez-steele.org,0 days,13:39:30,16:38:15
408,Luis,King,dcolon@sutton.biz,0 days,06:17:36,09:57:41
409,Whitney,Shannon,desireewilliams@ortiz.com,0 days,05:44:00,14:23:50
410,Pam,Cowan,ricemaria@sanchez.net,0 days,03:30:48,08:27:52
411,Harold,Walter,curtisgarcia@duncan.com,0 days,07:07:33,12:23:15
412,Jesus,Pennington,ffernandez@garcia.com,0 days,02:35:51,01:37:37
413,Jodi,Ryan,owenschristopher@barnes.com,0 days,17:40:20,08:23:48
414,Dalton,Allison,nicolephillips@martinez-smith.biz,0 days,10:39:57,13:02:14
415,Wesley,Wall,bankssydney@hawkins.com,0 days,09:41:50,17:19:45
416,Shirley,Huber,ostuart@hodge-hernandez.com,0 days,14:43:20,14:26:37
417,Larry,Dennis,hharris@white.com,0 days,06:09:22,04:33:17
418,Devon,Pearson,hglover@brooks-patrick.biz,0 days,09:59:21,11:36:25
419,Tammie,Tran,jonestina@fleming-chandler.com,0 days,12:02:11,19:22:55
420,Rebekah,Hammond,angelashields@west.info,0 days,03:21:46,08:49:25
421,Allison,Robertson,kevinjohnson@kent.com,0 days,23:06:51,02:33:02
422,Grace,Osborn,wheelerwilliam@bennett-ortiz.com,0 days,07:42:05,00:53:35
423,Collin,Richard,millersteven@howell-cohen.org,0 days,15:57:25,10:22:33
424,Hayley,Ritter,gfitzgerald@howard.com,0 days,19:12:22,13:17:20
425,Jeremiah,Branch,kvelasquez@velasquez.net,0 days,01:16:07,10:53:13
426,Alison,Suarez,icox@miles-dudley.com,0 days,04:06:23,20:27:52
427,Edwin,Bryant,elliottjeanne@bennett.com,0 days,03:10:49,08:32:59
428,Wayne,Choi,susan14@haynes.com,0 days,04:07:18,05:07:52
429,Ebony,Harrell,colerobert@snow.com,0 days,09:57:52,08:39:38
430,Marco,Medina,christianhart@norris.info,0 days,13:07:26,18:15:28
431,Xavier,Evans,smithjason@greene.com,0 days,05:26:04,10:32:24
432,Brad,Wolf,gary81@jacobs.biz,0 days,23:09:54,09:26:46
433,Diamond,Wu,jasminjones@rodriguez.biz,0 days,18:34:17,19:47:25
434,Claire,Li,jeffery06@weaver.info,0 days,06:20:44,13:23:51
435,Johnathan,Mcclure,alowe@day.net,0 days,19:17:23,19:02:05
436,Randy,Oneill,joshuajordan@valdez.com,0 days,22:16:29,16:25:00
437,Mckenzie,Olsen,abigailyoung@jackson-henry.org,0 days,10:15:10,20:48:10
438,Miranda,Lindsey,patrick98@byrd.org,0 days,23:32:28,02:29:03
439,Adrian,Garner,gregory34@knight-cooper.com,0 days,09:24:37,03:18:06
440,Frances,Mcdaniel,kramerroy@curtis-woods.com,0 days,17:18:04,02:27:02
441,Beth,Rosario,steven10@harris-sloan.info,0 days,07:24:06,00:06:13
442,Toni,Maldonado,uharris@white.org,0 days,16:11:54,20:09:05
443,Katelyn,Fischer,ashley56@brown.com,0 days,12:00:42,19:08:21
444,Kerry,Curtis,clarkgary@carter-williams.biz,0 days,15:37:05,06:35:50
445,Regina,Luna,fosterlaura@robbins.com,0 days,06:12:27,02:28:39
446,Sydney,Rush,millerdaniel@johnston-thomas.info,0 days,04:34:28,10:26:22
447,Monique,Lucas,mburke@reeves.com,0 days,23:24:08,18:24:36
448,Stacy,Ponce,bowmanallen@whitney.com,0 days,05:31:02,22:44:30
449,Melody,Perry,patrickwaller@calderon.org,0 days,18:56:06,22:25:46
450,Tony,Russell,bsmith@williams.com,0 days,21:59:03,01:02:01
451,Francis,Chavez,sarahbryant@davis-barker.org,0 days,22:00:49,23:36:21
452,Virginia,Estrada,reeseteresa@alvarez.com,0 days,11:34:36,11:39:02
453,Bianca,Haynes,pbenjamin@williams-sandoval.com,0 days,00:39:10,14:33:59
454,Fernando,Murillo,michael26@ward.com,0 days,06:15:34,03:30:18
455,Carmen,Holmes,laura63@barrera.net,0 days,21:12:37,02:03:03
456,Albert,Lane,vshepard@nelson-cook.org,0 days,11:08:20,22:11:57
457,Bruce,Bryan,patricia04@henderson-evans.com,0 days,22:08:30,03:48:34
458,Miguel,Hughes,ronaldblackwell@munoz.com,0 days,13:08:18,07:49:17
459,Gilbert,Bautista,mcculloughrebecca@johnson.com,0 days,10:17:37,00:50:12
460,Robyn,Mcgee,sarahwerner@ruiz.info,0 days,01:10:41,01:40:22
461,Jimmy,Forbes,hlindsey@johnson.net,0 days,03:53:45,02:21:02
462,Sheila,Macdonald,danielschultz@taylor-miller.com,0 days,03:50:36,12:11:18
463,Neil,Heath,wleonard@taylor.com,0 days,22:41:08,20:53:34
464,Kristine,Werner,nolanwilliam@gibson-holt.biz,0 days,13:16:05,10:35:52
465,Ariana,Lozano,popejessica@reyes-cook.biz,0 days,08:08:12,00:22:03
466,Deanna,Navarro,smithpatrick@camacho.org,0 days,20:39:54,01:49:36
467,Olivia,Yoder,jillprice@acevedo.com,0 days,18:56:33,06:36:42
468,Stuart,Henson,hevans@morton.net,0 days,16:23:52,15:13:51
469,Cristian,Clayton,vincent45@reed.info,0 days,07:47:48,21:00:15
470,Logan,Davenport,candiceavila@morris.com,0 days,06:51:07,02:35:51
471,Chad,Stokes,samantha21@castillo-lopez.info,0 days,14:36:08,16:00:16
472,Jenna,Griffin,scottrussell@clark.com,0 days,11:42:52,11:41:55
473,Angelica,Guerra,johnsontammy@patterson.com,0 days,17:54:48,14:15:25
474,Connor,Ellis,angelabarnes@bernard.org,0 days,10:24:31,01:50:38
475,Caleb,Diaz,jamie60@kelly-warren.org,0 days,02:01:02,15:11:10
476,Judy,Acevedo,thomas88@johnson.info,0 days,23:11:47,10:45:52
477,Cameron,Banks,bowenmitchell@freeman-alexander.net,0 days,09:47:25,09:51:43
478,Clarence,Spears,jamespatel@wilson.net,0 days,01:03:06,20:57:48
479,Meredith,Duncan,mark77@mccarty.com,0 days,08:05:56,13:07:24
480,Debbie,Mendoza,keith07@sanchez-richard.org,0 days,21:47:49,20:19:12
481,Ricky,Benitez,smadden@perez.com,0 days,05:22:29,09:26:06
482,Jasmin,Munoz,rthomas@solis-schultz.net,0 days,15:04:51,18:08:39
483,Clayton,Golden,snydernatasha@allen-johnson.com,0 days,17:24:48,10:39:41
484,Dominique,Lowery,markramirez@house.com,0 days,16:20:12,03:35:03
485,Stefanie,Ayala,timothychapman@thompson-parker.com,0 days,23:16:23,12:04:45
486,Zoe,Carlson,megan56@taylor.org,0 days,06:38:58,06:38:07
487,Priscilla,Pittman,paulmcknight@cox.info,0 days,02:43:52,06:54:42
488,Marissa,Sharp,ghoward@green.com,0 days,05:18:47,14:46:31
489,Evelyn,Short,dennis26@wiley-powers.com,0 days,08:39:17,04:08:18
490,Jeanette,Davies,dylan96@campbell.com,0 days,02:45:46,17:55:07
491,Shelia,Casey,ryanreed@anderson.com,0 days,13:42:45,17:34:22
492,Allen,Castro,brownshannon@simon.com,0 days,23:59:23,01:17:55
493,Jon,Mcintyre,jneal@turner.biz,0 days,03:17:44,03:06:45
494,Lucas,Reilly,elizabethhopkins@anderson-nicholson.com,0 days,18:59:43,01:50:15
495,Joanna,Bentley,ernest99@gillespie.com,0 days,03:00:24,12:46:05
496,Jackie,Chapman,bowersjennifer@harris.net,0 days,12:28:38,18:39:32
497,Dwayne,Dawson,thomasjohnson@hopkins.org,0 days,11:34:49,13:42:02
498,Anne,Mclaughlin,andersonerica@burgess-dougherty.com,0 days,01:39:37,16:24:35
499,Joanne,Garza,donna07@johnson.com,0 days,06:11:51,10:39:50
